1,Editor,1,Aloïs,21,1,2010,4572397941043011668
2,Pharmacist,2,Kallisté,15,10,2007,3574074552499242546
3,Quality Engineer,3,Anaël,31,5,2005,3729474671997630906
4,Structural Engineer,4,Cinéma,9,7,2018,1179086260935912691
5,Associate Professor,5,Léonore,23,4,2017,6192041638927215754
6,Occupational Therapist,6,Táng,13,1,2012,6131762520748534872
7,Project Manager,7,Amélie,15,12,2017,6018845171524712065
8,Environmental Specialist,8,Sòng,25,5,2007,7507363060937865225
9,Sales Associate,9,Laurène,8,5,2017,5887865758653747320
10,Legal Assistant,10,Mélissandre,27,4,2010,1689227938379167028
11,Design Engineer,11,Yóu,4,9,2010,1913134289612373900
12,Marketing Manager,12,Lorène,18,5,2013,603987750649765660
13,Senior Editor,13,Solène,2,11,2019,6791501247987387344
14,Clinical Specialist,14,Amélie,30,10,2020,6581539080471529586
15,Dental Hygienist,15,Loïca,3,11,2006,8116593198100522480
16,Office Assistant IV,16,Cloé,6,6,2002,147495319904732991
17,VP Sales,17,Östen,28,1,2019,3067043828582711479
18,Food Chemist,18,Maëlann,7,4,2013,1727316737056256519
19,Librarian,19,Eugénie,15,9,2008,817922647848047615
20,Environmental Specialist,20,Cécile,10,3,2010,3321620195272727265
21,Research Assistant III,21,Görel,5,1,2005,404139711115915185
22,Administrative Assistant III,22,Salomé,25,5,2019,2938961194502179399
23,Geological Engineer,23,Irène,12,4,2005,4935198679285840045
24,Project Manager,24,Gaétane,18,9,2013,6940072629620021429
25,Paralegal,25,Fèi,29,4,2003,5650336017389158783
26,Legal Assistant,26,Réservés,17,10,2002,2144440506176509361
27,Quality Control Specialist,27,Intéressant,26,5,2007,4124181400366966587
28,Research Nurse,28,Marlène,31,9,2009,5134992505033548041
29,Registered Nurse,29,Léonie,9,3,2000,2244765848901817088
30,Environmental Specialist,30,Illustrée,27,10,2019,5297430782794612381
31,VP Product Management,31,Personnalisée,2,7,2010,883174560497756980
32,Recruiting Manager,32,Judicaël,10,1,2001,1412476294016493595
33,Desktop Support Technician,33,Maïlys,5,6,2011,7061801032726171743
34,Data Coordiator,34,Nadège,6,4,2016,3031594622211806226
35,Desktop Support Technician,35,Kallisté,31,5,2007,5221501545781169359
36,Programmer IV,36,Salomé,21,10,2002,5077945971228584198
37,Research Nurse,37,Mélina,22,8,2008,986242077411287939
38,Database Administrator IV,38,Médiamass,26,11,2008,3915425118061536107
39,Administrative Officer,39,Måns,22,7,2018,5471364565097811509
40,Information Systems Manager,40,Desirée,19,3,2019,5618029484841283331
41,Help Desk Technician,41,Lài,3,7,2016,7674184639684266224
42,Assistant Professor,42,Rébecca,1,11,2012,3351493699022037228
43,VP Product Management,43,Mélys,4,9,2015,1062125057607888697
44,Recruiting Manager,44,Angélique,4,4,2018,2879543946399106026
45,Environmental Specialist,45,Léandre,7,5,2013,199104376182985106
46,Chief Design Engineer,46,Görel,11,6,2017,3314953254620524438
47,Operator,47,Intéressant,31,6,2011,7235084502463459760
48,Community Outreach Specialist,48,Régine,29,5,2002,4355576569532051198
49,Software Consultant,49,Maëlla,28,10,2009,3327876170637462488
50,Business Systems Development Analyst,50,Cléa,8,11,2001,8161044189300527300
51,Programmer II,51,Irène,18,2,2004,3663974003387373914
52,Desktop Support Technician,52,Lyséa,4,2,2004,5023363351991583035
53,Actuary,53,Erwéi,27,11,2011,4235233528106750436
54,Social Worker,54,Réservés,7,1,2014,3699893190677617923
55,Account Coordinator,55,Dorothée,1,6,2007,3291976660164070409
56,Nurse,56,Magdalène,28,3,2013,244403546404898592
57,Technical Writer,57,Simplifiés,12,9,2000,3548832140234022891
58,Senior Developer,58,Judicaël,15,9,2015,6002275011669461241
59,General Manager,59,Josée,11,3,2004,4020128524541743884
60,Recruiting Manager,60,Aí,21,11,2014,2512957604778028258
61,Registered Nurse,61,Esbjörn,29,3,2013,3556847757070543783
62,Senior Financial Analyst,62,Béatrice,5,12,2020,4360238379387350418
63,VP Marketing,63,Publicité,24,11,2010,232379484537701900
64,Design Engineer,64,Michèle,28,7,2006,7130312799925654602
65,Account Representative II,65,Gaétane,15,9,2009,6690109258530066088
66,Director of Sales,66,Régine,21,12,2013,503926734591287908
67,Geologist I,67,Cinéma,10,8,2001,1865064466339378706
68,Account Coordinator,68,Gisèle,30,3,2021,347018075703444913
69,Accountant IV,69,Ophélie,9,9,2013,1918811637823885896
70,Assistant Media Planner,70,Estève,22,5,2018,6572383638913357070
71,Internal Auditor,71,Naéva,27,11,2015,3941691769156017933
72,Technical Writer,72,Clémence,16,12,2003,819153312954546875
73,Quality Control Specialist,73,Annotée,10,4,2019,7257036745345281894
74,Media Manager III,74,Cunégonde,27,7,2011,5231738426813115236
75,Staff Scientist,75,Cinéma,22,9,2007,1099379741533891951
76,Nurse Practicioner,76,Garçon,7,4,2009,6281168941953719947
77,Quality Control Specialist,77,Östen,26,9,2009,3647508662768385434
78,Nurse,78,Börje,8,3,2011,6512653521335865409
79,Paralegal,79,Táng,6,8,2001,7097254360294497780
80,Staff Scientist,80,Célia,14,5,2020,7949803943108112689
81,Food Chemist,81,Eliès,12,3,2003,6877221917309088537
82,Assistant Manager,82,Östen,20,11,2013,7167048369639782943
83,Assistant Media Planner,83,Annotée,18,2,2015,3095518909251064902
84,Clinical Specialist,84,Rachèle,25,1,2021,5213391944870345702
85,Technical Writer,85,Loïc,15,12,2014,6310921638017242590
86,Mechanical Systems Engineer,86,Médiamass,7,12,2019,5285126580042254380
87,Registered Nurse,87,Faîtes,16,5,2016,2024367178637893241
88,Financial Analyst,88,Océane,23,9,2007,4900421799034684658
89,Paralegal,89,Simplifiés,23,3,2012,4477451353300147432
90,Environmental Specialist,90,Thérèse,30,4,2021,6030860923943305716
91,Senior Developer,91,Maëlys,24,9,2002,6114596627071161333
92,Electrical Engineer,92,André,29,4,2016,1685460834068172024
93,Dental Hygienist,93,Salomé,28,1,2015,6575667808122827578
94,Electrical Engineer,94,Médiamass,19,8,2013,3142646392087532457
95,Environmental Tech,95,Styrbjörn,3,1,2009,3674260226194626697
96,Assistant Manager,96,Athéna,28,9,2005,3917460371929265202
97,Software Engineer IV,97,Mà,8,12,2020,7144918838759201276
98,Chief Design Engineer,98,Laurène,29,12,2014,6719387198302115643
99,Geological Engineer,99,Stévina,21,1,2019,5101087696124274412
100,Office Assistant I,100,Françoise,22,1,2018,228317500690108923
101,GIS Technical Architect,101,Intéressant,4,5,2005,3225963416245601427
102,Nuclear Power Engineer,102,Erwéi,4,9,2017,1435926609611950842
103,Software Engineer I,103,Publicité,6,2,2008,7889075406831629189
104,Speech Pathologist,104,Méng,8,4,2008,2873860590844369926
105,Pharmacist,105,Laurène,31,7,2019,3575852619450404225
106,Nuclear Power Engineer,106,Ráo,3,5,2002,854435914569160239
107,Accounting Assistant I,107,Märta,12,5,2013,7921236869607831841
108,Engineer I,108,Aí,31,12,2004,4550187613947488446
109,Research Nurse,109,Angèle,30,3,2012,1547136298814320468
110,Senior Sales Associate,110,Yénora,27,10,2000,1529826360999987827
111,Physical Therapy Assistant,111,Cloé,12,10,2017,4045463828485694918
112,Administrative Assistant I,112,Océanne,5,12,2021,3607622573543144072
113,Recruiter,113,Lauréna,2,1,2004,3669462553345845185
114,Financial Advisor,114,Hélèna,29,1,2003,2152952090646859801
115,Assistant Media Planner,115,Börje,24,3,2012,491322832454621305
116,Data Coordiator,116,Laurène,10,6,2006,2077631109104606604
117,Account Coordinator,117,Desirée,13,10,2004,8171640114927605523
118,VP Quality Control,118,Clémentine,10,9,2012,2494852140659597202
119,Assistant Professor,119,Faîtes,7,2,2001,8168730892633197616
120,Computer Systems Analyst III,120,Judicaël,8,7,2015,7962969606159682855
121,Food Chemist,121,Kallisté,28,4,2006,8130577052186984457
122,Office Assistant II,122,Michèle,4,12,2010,3566707553108722122
123,Junior Executive,123,Joséphine,24,10,2020,7149500214139941339
124,Compensation Analyst,124,Béatrice,9,8,2021,4357834219842522247
125,VP Sales,125,Yú,13,5,2015,1210439409744430568
126,Administrative Officer,126,Léa,27,4,2007,1047865893940825049
127,VP Sales,127,Yóu,7,7,2016,3538592672320685439
128,Engineer II,128,Yú,18,9,2001,1746900409614397526
129,Accountant III,129,Zhì,1,9,2002,8018588626431625749
130,Software Test Engineer III,130,Illustrée,8,6,2016,6687977232523762095
131,Editor,131,Eléa,31,10,2000,1293831900083533250
132,Paralegal,132,Yáo,25,9,2017,3643992174189600935
133,Health Coach II,133,Nadège,30,6,2014,8125732139768681567
134,Financial Analyst,134,Simplifiés,12,2,2000,8179600766042205674
135,Analyst Programmer,135,Cléopatre,16,1,2002,591789818863065135
136,Software Consultant,136,Bérénice,4,12,2006,1726032436066179383
137,Account Representative IV,137,Dorothée,28,2,2000,857088189797148208
138,Accountant I,138,Annotés,16,7,2007,7627029486606510773
139,Nurse Practicioner,139,Dorothée,3,1,2003,2242912172059337329
140,Information Systems Manager,140,Léonie,31,7,2019,5027635358587043788
141,Senior Quality Engineer,141,Yóu,18,7,2017,3404379868042060474
142,Marketing Assistant,142,Hélène,4,9,2001,8119452869846269741
143,Programmer II,143,Estève,10,4,2017,1843895104153939260
144,Analyst Programmer,144,Adélie,6,9,2002,7237583464319909110
145,Civil Engineer,145,Crééz,5,4,2000,19983633895242627
146,Marketing Assistant,146,Cloé,13,3,2013,4781067083219685336
147,Structural Analysis Engineer,147,Illustrée,28,6,2013,3370922366964072620
148,Systems Administrator II,148,Eléa,6,7,2016,3000895118603584974
149,Assistant Professor,149,Börje,19,7,2013,309773109421486422
150,Legal Assistant,150,Léonore,2,7,2004,7416911717164105578
151,VP Marketing,151,Illustrée,17,4,2021,5050448967988239023
152,Dental Hygienist,152,Marlène,21,6,2021,1781995612834100948
153,Database Administrator I,153,Gwenaëlle,16,8,2008,931039379094748174
154,Assistant Professor,154,Tán,17,5,2000,7738160245980736445
155,Database Administrator IV,155,Laurélie,10,9,2001,867418029773581636
156,Programmer Analyst III,156,Åslög,17,10,2017,3993292320945331996
157,Teacher,157,Publicité,31,8,2004,618360429780622997
158,Assistant Media Planner,158,Personnalisée,17,7,2015,4306287987644479425
159,Research Nurse,159,Véronique,10,8,2008,6037369218984921156
160,Nurse,160,Maïlys,7,2,2014,4667902452832350336
161,Electrical Engineer,161,Eloïse,2,5,2006,349595768114899616
162,Teacher,162,Åsa,5,3,2005,2578552199189088121
163,Marketing Assistant,163,Danièle,6,2,2019,152679598146491476
164,Geologist II,164,Eloïse,11,6,2006,5271482149670857951
165,Help Desk Technician,165,Anaël,15,11,2015,4013635617342413053
166,Systems Administrator IV,166,Salomé,5,4,2002,6647263837987917509
167,Help Desk Operator,167,Laïla,15,6,2009,6682625325036999546
168,Business Systems Development Analyst,168,Chloé,16,6,2017,3799081946987558151
169,Sales Associate,169,Rachèle,4,9,2001,4195034734553650809
170,Chief Design Engineer,170,Edmée,2,5,2001,1720633161685359220
171,GIS Technical Architect,171,Cléa,30,7,2010,637435299308917153
172,Account Representative II,172,Bérangère,14,5,2004,2510095992491831725
173,Editor,173,Véronique,24,11,2001,2986211901707092736
174,Automation Specialist I,174,Naëlle,8,6,2019,6900106179245495263
175,Librarian,175,Gaïa,20,4,2009,5152222276894813323
176,Biostatistician IV,176,Annotés,9,7,2015,7288830148320845212
177,Programmer III,177,Zoé,7,9,2001,6181819848546431238
178,Biostatistician II,178,Lorène,12,9,2021,1670309003570982246
179,VP Quality Control,179,Kévina,7,8,2005,4561010638236993821
180,Staff Scientist,180,Salomé,10,5,2006,7374625071435101953
181,Quality Engineer,181,Marlène,17,3,2001,5679775809296910414
182,Associate Professor,182,Bérénice,27,8,2006,7672907693407831222
183,Sales Associate,183,Eléonore,26,4,2017,1961914619547587137
184,Pharmacist,184,Méng,30,3,2010,1198280525045749383
185,Financial Advisor,185,Märta,29,11,2005,709980624562188248
186,Community Outreach Specialist,186,Måns,29,9,2003,1381534035781663575
187,Actuary,187,Andrée,18,4,2015,900922291192677327
188,Assistant Professor,188,Laurène,9,8,2018,7547218315062844643
189,Senior Editor,189,Åslög,29,11,2003,5420834553472214771
190,Desktop Support Technician,190,Marie-hélène,23,3,2001,7146430914060423596
191,Legal Assistant,191,Léa,31,10,2016,7074064849371584969
192,GIS Technical Architect,192,Loïc,30,4,2008,43932158003890131
193,Assistant Media Planner,193,Simplifiés,13,11,2016,6166128627232257911
194,Junior Executive,194,Amélie,6,7,2009,584881176193590478
195,Junior Executive,195,Eliès,26,9,2021,3990556580033634840
196,Physical Therapy Assistant,196,Pénélope,7,7,2010,2847687238683865713
197,Accounting Assistant IV,197,Styrbjörn,14,8,2005,5830502979827556009
198,General Manager,198,Esbjörn,27,6,2021,4696898069587402090
199,Project Manager,199,Intéressant,24,4,2007,4337271764436090037
200,Geological Engineer,200,Dà,15,12,2002,7214851146982820893
201,Junior Executive,201,Kù,12,12,2013,6555855209294335537
202,Marketing Assistant,202,Cinéma,6,8,2011,7090765168167936561
203,Research Nurse,203,Östen,21,5,2012,5868404713314072159
204,Media Manager IV,204,Gösta,22,11,2009,3074429362361669754
205,Speech Pathologist,205,Gérald,11,1,2015,5595895909658134311
206,Associate Professor,206,Amélie,7,8,2006,1781008642719075167
207,Recruiter,207,Bérénice,16,11,2019,2578741940321564167
208,Teacher,208,Erwéi,5,3,2011,186897547588133237
209,Speech Pathologist,209,Thérèsa,8,12,2011,2357349649426662993
210,Associate Professor,210,Angélique,27,7,2021,156869969717203761
211,Junior Executive,211,Lauréna,14,6,2001,5875245518901419643
212,Nurse,212,Adélaïde,21,11,2019,6683342173186650935
213,Software Test Engineer III,213,Geneviève,5,2,2017,4905258090311297479
214,Occupational Therapist,214,Dorothée,3,4,2019,6388167376703066866
215,Office Assistant I,215,Daphnée,9,6,2015,4388779392334699091
216,Engineer IV,216,Anaïs,24,6,2009,6494188684904060284
217,Clinical Specialist,217,Liè,3,1,2002,4227260428317782627
218,Senior Developer,218,Clélia,26,9,2001,5309879212458344367
219,Senior Sales Associate,219,Audréanne,17,10,2006,7990751191132803334
220,Junior Executive,220,Mà,22,3,2016,7991820738568857909
221,Database Administrator III,221,Stévina,20,5,2007,8197639432755904726
222,Dental Hygienist,222,Bérengère,29,6,2010,6097018286084069892
223,Senior Quality Engineer,223,Styrbjörn,17,9,2003,515859409359710509
224,Legal Assistant,224,Mélinda,3,4,2011,5717765731601485892
225,Computer Systems Analyst IV,225,Angélique,15,5,2021,4337150522529161977
226,Database Administrator II,226,Rachèle,18,8,2008,3237381519195342705
227,Cost Accountant,227,Börje,21,10,2016,233952193955121121
228,Geological Engineer,228,Nuó,27,8,2017,5087824809648035269
229,Chemical Engineer,229,Lyséa,21,1,2010,3658138641139370975
230,Project Manager,230,Yáo,19,9,2017,2548578585127135535
231,Senior Cost Accountant,231,Méghane,31,5,2001,755432937036341219
232,Biostatistician III,232,Anaël,21,9,2001,4760525320904556960
233,Office Assistant III,233,Noémie,10,10,2015,4845019006709549414
234,Nurse,234,Cécilia,4,6,2009,7264365102863326537
235,Budget/Accounting Analyst IV,235,Méghane,15,7,2007,4461151963451030725
236,Accounting Assistant III,236,Lucrèce,30,2,2006,734046026551561264
237,Web Developer II,237,Åke,25,11,2014,4596877678698531836
238,Recruiter,238,Personnalisée,16,8,2004,6128024205860176423
239,Web Developer IV,239,Östen,10,9,2019,4002605070027232623
240,Quality Engineer,240,Yáo,7,12,2021,5570966685307077224
241,Payment Adjustment Coordinator,241,Françoise,28,2,2015,5840736797709738759
242,Research Associate,242,Yú,21,7,2018,3284542842276968980
243,Budget/Accounting Analyst I,243,Méline,4,1,2019,4427159358832571474
244,Mechanical Systems Engineer,244,Geneviève,25,1,2014,6888010427258691012
245,Environmental Tech,245,Géraldine,30,1,2011,4234601006028964711
246,Developer IV,246,Dafnée,27,2,2016,4796839820428591179
247,Senior Cost Accountant,247,Félicie,3,6,2009,5001516734869680853
248,Administrative Officer,248,Stévina,27,8,2009,3193235800125285914
249,Biostatistician III,249,Clémence,16,10,2001,202849314101176592
250,Help Desk Technician,250,Uò,3,12,2009,5402809942138879185
251,Software Engineer IV,251,Véronique,22,6,2014,1859206282004628847
252,Librarian,252,Maëlann,16,11,2017,960508073328989568
253,Accounting Assistant II,253,Renée,1,4,2020,4446153520605089544
254,Web Developer I,254,Lauréna,12,5,2007,2305480825675631781
255,Account Representative II,255,Anaé,29,10,2017,4742431890184200102
256,Product Engineer,256,Mélia,11,2,2014,7732391109853181992
257,Speech Pathologist,257,Adélaïde,11,1,2011,7394109478897914148
258,Tax Accountant,258,Ophélie,19,3,2008,382539655104941647
259,Nuclear Power Engineer,259,Chloé,10,6,2016,888311204833044870
260,General Manager,260,Josée,17,7,2002,4609464117244029673
261,Actuary,261,Göran,4,8,2009,5104827391803100587
262,Administrative Officer,262,Aimée,21,5,2011,1676758418026334893
263,Design Engineer,263,Médiamass,16,2,2018,4903808696677191907
264,Graphic Designer,264,Maéna,5,1,2012,7350972681259665334
265,Safety Technician I,265,Laïla,7,2,2012,5383922839364268040
266,Environmental Tech,266,Desirée,28,5,2009,1289948246759710992
267,Account Representative III,267,Gaïa,5,12,2003,6029278327356654366
268,Administrative Officer,268,Méthode,20,8,2007,180061135882902077
269,Dental Hygienist,269,Örjan,20,3,2006,3441392323897972596
270,Data Coordiator,270,Dafnée,8,8,2008,2409761227082565403
271,Dental Hygienist,271,Maëlann,3,9,2012,4951183841736782933
272,Accounting Assistant III,272,Ráo,2,6,2017,1135601177405726148
273,Environmental Tech,273,Méthode,13,6,2007,785845361389622567
274,Environmental Tech,274,Néhémie,28,10,2020,1696524654776506391
275,Paralegal,275,Torbjörn,19,4,2000,6468411393859422769
276,Chemical Engineer,276,Anaïs,20,1,2016,2528894571562358202
277,Graphic Designer,277,Loïc,31,8,2017,5088940332248752392
278,Structural Analysis Engineer,278,Léane,11,11,2006,3724654015538585113
279,Nurse,279,Mégane,29,8,2016,7842330006748646750
280,Account Representative IV,280,Björn,11,6,2003,7041724008309094838
281,Professor,281,Cunégonde,25,3,2021,6351849834768145481
282,Human Resources Manager,282,Eliès,10,6,2011,7694143093023578321
283,Biostatistician II,283,Börje,18,4,2008,405283628416551994
284,VP Accounting,284,Angélique,5,10,2014,8026055511702265226
285,Software Test Engineer IV,285,Gaïa,19,6,2005,3679655295380921715
286,Structural Analysis Engineer,286,Maï,4,6,2006,6975106843639784912
287,Social Worker,287,Wá,21,2,2009,7060526660644390794
288,Business Systems Development Analyst,288,Méthode,8,7,2017,6109508512373055932
289,Nurse Practicioner,289,Bérengère,15,10,2016,1098332444103026773
290,Structural Analysis Engineer,290,Angélique,9,10,2018,4847733717762505417
291,Accountant II,291,Irène,5,8,2001,4628635991155930990
292,Engineer III,292,Esbjörn,15,10,2004,1011874272086172390
293,Community Outreach Specialist,293,Thérèse,31,9,2019,4670961386953891417
294,GIS Technical Architect,294,Sélène,17,6,2017,7304659438258257892
295,Human Resources Manager,295,Vénus,17,10,2005,915065858493756678
296,VP Accounting,296,Geneviève,7,10,2011,7635228254744972226
297,Administrative Officer,297,Inès,15,4,2017,5979684446283378517
298,Geologist III,298,Françoise,31,9,2006,7779180020121108025
299,Human Resources Manager,299,Léana,17,8,2006,252021797349368211
300,Programmer Analyst IV,300,Célestine,29,12,2019,3406650720459204203
301,Information Systems Manager,301,Ráo,30,12,2016,4804878004651309114
302,Structural Engineer,302,Inès,18,2,2010,2097480969919476975
303,Senior Sales Associate,303,Adélie,3,10,2004,3489980755960025708
304,Budget/Accounting Analyst I,304,Océanne,6,10,2012,7497233521504126543
305,General Manager,305,Pélagie,15,2,2012,3576232287737983139
306,Junior Executive,306,Michèle,14,5,2014,3759681916787066031
307,Systems Administrator IV,307,Dafnée,4,12,2006,5694880365137708764
308,Teacher,308,Mélanie,12,6,2016,4448736398461866865
309,Registered Nurse,309,Léane,1,12,2019,3216154770059030974
310,Quality Engineer,310,Frédérique,14,12,2004,6977213496083827797
311,Chemical Engineer,311,Intéressant,19,6,2006,251535849542951393
312,Sales Representative,312,Annotée,20,12,2012,3397377208038173177
313,Web Developer I,313,Nadège,5,1,2020,6022206681224055181
314,Health Coach III,314,Mårten,2,8,2008,5445696810479308529
315,Internal Auditor,315,Renée,10,2,2009,711921504653844923
316,Automation Specialist IV,316,Zhì,17,4,2006,5591000382382085973
317,Mechanical Systems Engineer,317,Camélia,20,4,2000,2845244563071098561
318,Marketing Manager,318,Réjane,2,3,2002,2860835142315052885
319,Environmental Tech,319,Intéressant,4,3,2003,3325049353881222747
320,Associate Professor,320,Rébecca,27,9,2000,7763603871856860207
321,Quality Control Specialist,321,Eloïse,9,9,2002,2140370541562020105
322,Business Systems Development Analyst,322,Erwéi,31,5,2015,4102685089600193401
323,Developer IV,323,Maëly,31,12,2009,5894989184714660999
324,Safety Technician IV,324,Märta,1,12,2016,2950650271649930331
325,VP Quality Control,325,Michèle,27,6,2014,5572694577680058608
326,Nurse Practicioner,326,Félicie,1,6,2004,486630722267521220
327,Geological Engineer,327,Renée,27,12,2021,1491561494312622021
328,Account Executive,328,Léane,8,2,2009,6260685357861490591
329,Nuclear Power Engineer,329,Wá,4,12,2017,437219651160389320
330,Nurse,330,Andréa,20,11,2007,1864406989611283494
331,Environmental Specialist,331,Maëlle,18,2,2011,1680799887805986801
332,Mechanical Systems Engineer,332,Faîtes,25,4,2020,4482907174188714569
333,Help Desk Technician,333,Gaétane,11,4,2002,4827021668991788438
334,Statistician III,334,Noëlla,7,3,2012,676941888769006699
335,Engineer II,335,Michèle,31,3,2013,1985817964142410619
336,Compensation Analyst,336,Lucrèce,16,2,2011,2038033429658622514
337,Assistant Professor,337,Chloé,21,5,2005,1286107554245022046
338,Marketing Manager,338,Léane,9,6,2019,7309925788435285771
339,Web Developer II,339,Håkan,21,10,2016,5491039344100999532
340,Senior Financial Analyst,340,Béatrice,2,12,2008,2565111415907549276
341,Safety Technician I,341,Publicité,24,7,2011,6133001959856340103
342,Analyst Programmer,342,Anaé,8,1,2016,4014934177933928632
343,Legal Assistant,343,Wá,15,3,2009,5391024142493431654
344,Community Outreach Specialist,344,Léane,21,4,2019,7839214086514123791
345,Financial Analyst,345,Maëlann,20,10,2004,2950363436784776649
346,Web Designer IV,346,Pénélope,4,11,2007,5950962421201435276
347,Geological Engineer,347,Dù,18,8,2006,4240780068897477838
348,Marketing Manager,348,Ruì,31,8,2006,425358315705775516
349,Project Manager,349,Vérane,17,6,2018,4880970247696313650
350,Software Test Engineer IV,350,Ophélie,26,2,2001,7320658740054542002
351,Research Assistant I,351,Liè,1,7,2018,5763322678336363895
352,Data Coordiator,352,Véronique,3,10,2002,2818343794184434280
353,Health Coach II,353,Tán,22,2,2016,2468288548039440329
354,Sales Representative,354,Märta,26,1,2009,6265482101820964388
355,VP Product Management,355,Noémie,9,2,2008,1349166885522230259
356,Executive Secretary,356,Véronique,16,11,2017,6767042955721271541
357,Analog Circuit Design manager,357,Marie-hélène,29,9,2017,4604587614229480688
358,Administrative Officer,358,Andréanne,19,2,2006,1688946482229696467
359,Accountant IV,359,Dà,2,11,2015,3954389095064199825
360,Software Test Engineer IV,360,Loïca,10,1,2020,6280549212040054238
361,VP Sales,361,Lucrèce,13,10,2000,4520558575978565326
362,Assistant Manager,362,Yáo,21,7,2019,3762525209779265848
363,Social Worker,363,Cécilia,14,1,2010,509087145009114989
364,Food Chemist,364,Aloïs,23,10,2001,4063618199431536574
365,Marketing Assistant,365,Anaïs,25,1,2008,5328953178876852713
366,Programmer I,366,Mélissandre,29,9,2006,873856792156471703
367,Research Associate,367,Pål,7,12,2002,3786445441811091665
368,Nurse Practicioner,368,Eléonore,11,8,2005,712198320215370392
369,Research Assistant II,369,Séréna,29,3,2010,3904421889830683845
370,Software Test Engineer II,370,Méthode,7,3,2012,4468744028225579094
371,Compensation Analyst,371,Andrée,4,3,2011,4837563392403305717
372,Environmental Specialist,372,Méng,9,5,2010,3232997759013800150
373,Dental Hygienist,373,Clémentine,28,4,2004,2078308737173182702
374,Professor,374,Maïwenn,20,6,2007,5343709533292420337
375,Structural Engineer,375,Sòng,13,4,2005,173743731905932098
376,Actuary,376,Eléonore,4,7,2019,3051003523748291363
377,Junior Executive,377,Maëlla,25,12,2021,7403225429485889558
378,Operator,378,Aí,25,8,2011,8105134871040539863
379,Analog Circuit Design manager,379,Lucrèce,24,4,2017,5314118978828760776
380,Marketing Manager,380,Mélissandre,6,12,2021,5840617596029537964
381,Environmental Tech,381,Clémentine,27,7,2008,5751873869970725620
382,Systems Administrator IV,382,Yáo,8,4,2000,2652215514015564521
383,Automation Specialist III,383,Léonie,9,6,2004,4607721956399126932
384,Research Nurse,384,Maëlyss,7,7,2001,6281968369934200829
385,Financial Analyst,385,Maëly,30,4,2014,3669957689452763983
386,Environmental Specialist,386,Torbjörn,25,2,2008,5071452681953854982
387,Senior Financial Analyst,387,Loïs,22,1,2004,7877713600831269808
388,Assistant Professor,388,Illustrée,11,5,2012,2790570157458899159
389,Account Executive,389,Faîtes,22,7,2017,2374194574889078999
390,Programmer Analyst I,390,Laurène,17,10,2009,3898153058936344927
391,Sales Associate,391,Inès,27,12,2018,2950142454769549198
392,Quality Control Specialist,392,Maëlann,14,1,2013,7336813422939769986
393,Engineer IV,393,Dù,6,9,2015,1247604818732569247
394,Environmental Specialist,394,Andrée,15,2,2007,7935139279285586695
395,Compensation Analyst,395,Irène,19,11,2020,3368697939266455835
396,Assistant Professor,396,Alizée,7,2,2012,6395294584115552025
397,Physical Therapy Assistant,397,Méghane,15,9,2005,7022790670200758511
398,VP Marketing,398,Hélène,23,9,2008,5062191311865318566
399,Clinical Specialist,399,Danièle,15,3,2016,2824694331635960036
400,Occupational Therapist,400,Intéressant,29,11,2015,40015240551300103
401,Database Administrator III,401,Laïla,22,10,2015,4785985773556953460
402,Computer Systems Analyst III,402,Liè,8,3,2021,2306501645774949413
403,Tax Accountant,403,Zhì,30,5,2012,3946366577155411192
404,Associate Professor,404,Eloïse,21,11,2010,5448634283698816978
405,Structural Analysis Engineer,405,Loïs,4,1,2014,233386524646060084
406,Editor,406,Görel,24,6,2011,3308194531653304904
407,Actuary,407,Yóu,28,3,2003,7952077222793154062
408,Recruiter,408,Sélène,27,6,2019,1592012232442928925
409,VP Sales,409,Jú,13,1,2013,4582399894173563251
410,Occupational Therapist,410,Zhì,18,1,2011,950272842856948551
411,Quality Engineer,411,Maïlys,17,3,2010,5568442459031109419
412,VP Marketing,412,Irène,30,7,2011,2143117410423633569
413,Data Coordiator,413,Léa,12,1,2016,1767375557216557136
414,Professor,414,Erwéi,1,1,2003,2598563336942336256
415,Staff Accountant I,415,Cinéma,22,5,2008,358489381705999339
416,Accounting Assistant III,416,Lyséa,8,12,2005,2635582946542566548
417,Programmer Analyst III,417,Rachèle,4,6,2010,978145902600401544
418,Internal Auditor,418,Laurène,25,6,2002,6164020732061262097
419,Pharmacist,419,Tán,3,2,2004,5427679835787171173
420,Payment Adjustment Coordinator,420,Jú,15,10,2017,6482801445534625630
421,Nurse Practicioner,421,Clélia,1,10,2013,3544217302450687226
422,Clinical Specialist,422,Réservés,15,10,2015,5169402865511905596
423,Desktop Support Technician,423,Geneviève,22,9,2018,7716581952032035367
424,Quality Engineer,424,Méghane,27,2,2004,2843990568717961942
425,Product Engineer,425,Gaïa,26,6,2018,3558070302090122305
426,Clinical Specialist,426,Aimée,14,11,2018,537611120580186177
427,Senior Financial Analyst,427,Pénélope,2,4,2001,548459383724945631
428,Desktop Support Technician,428,Cléopatre,27,3,2018,7688573912198910570
429,Recruiter,429,Anaïs,5,7,2015,3506550088332340087
430,Nurse Practicioner,430,Cléopatre,7,7,2000,2719310410581372273
431,Quality Control Specialist,431,Aimée,31,9,2016,4867860850105599634
432,Junior Executive,432,Börje,16,2,2021,5433882884203801236
433,Recruiting Manager,433,Régine,26,6,2017,6934323998270923179
434,Media Manager I,434,Ruò,18,10,2016,7396512830074982215
435,Assistant Manager,435,Loïs,27,1,2016,4402487744592021628
436,Computer Systems Analyst III,436,Célestine,15,1,2014,984321833844990875
437,Chief Design Engineer,437,Bécassine,12,6,2009,7355431947635743891
438,Senior Cost Accountant,438,Geneviève,3,7,2003,5090507198344185225
439,Clinical Specialist,439,Esbjörn,18,3,2005,982238467151884946
440,Assistant Professor,440,Jú,18,2,2020,5316015380951194512
441,Senior Financial Analyst,441,Angélique,13,4,2010,3575326023937981144
442,Electrical Engineer,442,Mélanie,31,5,2007,2076419408463383109
443,Professor,443,Mélodie,31,2,2008,828252586983694343
444,Technical Writer,444,Yénora,4,6,2017,195890898057171670
445,Automation Specialist IV,445,Geneviève,7,7,2013,4174185311701783742
446,Marketing Assistant,446,Pénélope,29,7,2001,2221432962711154194
447,GIS Technical Architect,447,Mélys,29,5,2011,4889890614504335610
448,Geological Engineer,448,Danièle,16,11,2007,72261083432752820
449,Editor,449,Aurélie,25,7,2014,7188411674239085019
450,Developer IV,450,Pélagie,25,4,2001,2098868742798676089
451,Computer Systems Analyst III,451,Maïly,7,4,2020,3890477329568394921
452,GIS Technical Architect,452,Irène,11,5,2005,2096983299120093696
453,Clinical Specialist,453,Åke,15,6,2017,6797291516513393500
454,Business Systems Development Analyst,454,Mylène,15,3,2000,2994974325443730850
455,Quality Control Specialist,455,Aimée,11,3,2018,2108213861346026536
456,Speech Pathologist,456,Thérèse,21,12,2011,1133501282813054257
457,Automation Specialist II,457,Liè,5,7,2010,106010913079829614
458,Statistician III,458,Miléna,8,4,2007,372479976827301375
459,Compensation Analyst,459,Andréa,2,11,2020,7838553589567887057
460,Help Desk Operator,460,Inès,1,10,2003,962429726022064281
461,GIS Technical Architect,461,Lóng,18,3,2009,6193943333082494072
462,Dental Hygienist,462,Agnès,25,3,2014,6670448312200674362
463,Help Desk Operator,463,Cléopatre,14,7,2015,220543080949376567
464,Developer I,464,Uò,16,8,2012,1832453816461351462
465,Associate Professor,465,Magdalène,24,5,2013,780389902419182764
466,Clinical Specialist,466,Eléa,19,10,2007,901681784060648222
467,Environmental Tech,467,Pénélope,14,1,2014,5269251177840392744
468,Nurse,468,Cécile,4,8,2012,4236415118725137317
469,Project Manager,469,Lucrèce,29,9,2020,3685241144185615799
470,Statistician II,470,Noëlla,28,7,2020,7077224226388247336
471,VP Sales,471,Méthode,19,8,2001,2661540242063923766
472,Help Desk Operator,472,Rébecca,20,5,2012,4955078869711574097
473,Occupational Therapist,473,Aurélie,21,10,2013,2732238608752509184
474,Accountant IV,474,Lyséa,2,10,2004,2667211278344627268
475,Quality Engineer,475,Bérangère,21,4,2018,5010319719199353281
476,Occupational Therapist,476,Sòng,2,7,2021,2010792317178651531
477,Director of Sales,477,Gwenaëlle,31,9,2010,4391796833175363375
478,Account Coordinator,478,Andrée,19,6,2020,7973435317174336226
479,Occupational Therapist,479,Mélissandre,17,8,2008,412642392333628724
480,Senior Financial Analyst,480,Åslög,13,1,2021,6375284350068992750
481,Speech Pathologist,481,Léonore,13,3,2011,3165690788308923135
482,Financial Analyst,482,Kuí,30,3,2020,6501954025145893258
483,Nuclear Power Engineer,483,Anaël,10,4,2005,6118446647299960634
484,Information Systems Manager,484,Océane,13,11,2006,1980778797290217719
485,Geological Engineer,485,Pò,17,12,2017,6104862760056083186
486,Assistant Manager,486,Östen,31,11,2007,800377901110432124
487,Clinical Specialist,487,Vénus,28,1,2003,2777459115153194315
488,Chemical Engineer,488,Méng,10,1,2002,4529314534000437118
489,Help Desk Operator,489,Léane,11,9,2012,3034500624798588032
490,Web Developer II,490,Audréanne,19,12,2003,3436731777625838430
491,VP Quality Control,491,Maéna,7,6,2018,1675179191695373526
492,GIS Technical Architect,492,Garçon,20,8,2003,2890152768325389272
493,Business Systems Development Analyst,493,Thérèsa,27,8,2005,4279368423003481481
494,Safety Technician IV,494,Maïté,8,2,2007,417938047558393154
495,Business Systems Development Analyst,495,Léonore,3,7,2010,7471592954716343288
496,Help Desk Technician,496,Yóu,2,4,2021,1374822345884923028
497,Human Resources Assistant III,497,Tú,27,4,2013,1693503718015778757
498,Project Manager,498,Camélia,18,4,2019,4312854877527456873
499,Staff Scientist,499,Dorothée,22,6,2005,293828889247726264
500,Information Systems Manager,500,Loïc,24,8,2013,6000351286737094700
501,VP Sales,501,Judicaël,8,10,2006,3689171106029106710
502,Sales Representative,502,Maëlyss,3,7,2006,2920537571277545272
503,Technical Writer,503,Adèle,29,6,2004,7823596519418524278
504,Information Systems Manager,504,Noëlla,19,2,2006,4959198229995848691
505,VP Product Management,505,Hélèna,21,3,2001,5094965759856710070
506,Physical Therapy Assistant,506,Maïwenn,21,7,2010,1144366487961235185
507,VP Quality Control,507,Lóng,18,9,2020,253325955899514444
508,Research Assistant IV,508,Erwéi,16,3,2016,5636815636900018036
509,VP Marketing,509,Illustrée,25,10,2018,2192863081143430224
510,Account Executive,510,Yè,26,10,2019,2994483976456858722
511,Chemical Engineer,511,Solène,10,8,2015,4066659336783582507
512,Registered Nurse,512,Åslög,24,1,2013,5990268960117760953
513,Human Resources Assistant I,513,Wá,22,11,2019,6787341472844070085
514,Assistant Media Planner,514,Angèle,21,8,2010,1569137417384256363
515,Sales Representative,515,Pénélope,3,6,2014,7773743452507589511
516,Software Test Engineer IV,516,Zoé,19,6,2006,7506354187659778857
517,Programmer IV,517,Géraldine,26,11,2013,7681843940078464583
518,Research Nurse,518,Lèi,5,6,2001,1518028471503187480
519,Marketing Assistant,519,Pénélope,23,2,2000,2063545959243833658
520,Administrative Officer,520,Alizée,29,5,2014,2454373869150980397
521,Quality Engineer,521,Maïwenn,13,5,2012,730350648604106600
522,Analog Circuit Design manager,522,Maëlys,3,10,2010,4297515412628975841
523,Environmental Tech,523,Célia,17,9,2002,5913113063905323272
524,Professor,524,Loïs,16,8,2004,7223070732099479229
525,VP Marketing,525,Ruò,1,10,2018,5066624996581483274
526,Human Resources Assistant I,526,Lèi,28,9,2018,7250277896759984209
527,Senior Editor,527,Marie-françoise,28,6,2014,5674429281574998238
528,Recruiter,528,Mélinda,5,7,2016,1885168578371791572
529,Teacher,529,Örjan,9,5,2009,302924915008805689
530,Community Outreach Specialist,530,Pénélope,16,3,2007,4138895847820978905
531,Occupational Therapist,531,Loïc,13,4,2018,4998968303858394596
532,Payment Adjustment Coordinator,532,Marie-hélène,1,11,2003,4268856544327772104
533,Speech Pathologist,533,Cléopatre,11,7,2003,4467350176860868991
534,Physical Therapy Assistant,534,Pò,7,8,2016,687400316837844081
535,Analyst Programmer,535,Camélia,15,10,2007,1205509087611531134
536,Senior Developer,536,Solène,28,4,2010,3577055763770080398
537,Research Nurse,537,Yè,6,9,2012,1279817097953441324
538,Assistant Manager,538,Océanne,31,8,2015,6985107858172220123
539,Senior Financial Analyst,539,Maï,26,10,2009,3144797701368893034
540,Developer III,540,André,3,11,2017,7043790429500560506
541,Senior Financial Analyst,541,Mårten,24,7,2008,1251098581641885600
542,Clinical Specialist,542,Yú,17,8,2006,2044932808722917271
543,General Manager,543,Audréanne,27,7,2014,139875478015780203
544,Nurse,544,Lèi,8,1,2005,3375814862646503952
545,Marketing Manager,545,Lén,9,1,2006,7466294008994868987
546,Registered Nurse,546,Anaïs,23,3,2017,7118756195409608673
547,Registered Nurse,547,Gaétane,31,11,2014,2685459910257128708
548,Human Resources Assistant II,548,Mårten,18,9,2004,2062682991991074880
549,Clinical Specialist,549,Thérèsa,1,8,2008,6257119752357132232
550,Food Chemist,550,Ruì,11,11,2018,5021329073697004413
551,Senior Financial Analyst,551,Clélia,2,9,2002,5894114811521439759
552,VP Sales,552,Desirée,26,9,2020,4293454101268048633
553,Administrative Officer,553,Adèle,18,4,2012,4083880739189591260
554,Budget/Accounting Analyst I,554,Bérangère,25,7,2000,454409336633859094
555,Assistant Professor,555,Hélèna,26,1,2001,1535661040465742847
556,Assistant Media Planner,556,Gisèle,20,1,2010,4135962412394073773
557,VP Quality Control,557,Mélissandre,22,4,2020,2882629407614382671
558,Safety Technician II,558,Médiamass,20,10,2009,8193937534829828565
559,Sales Associate,559,Maïté,4,7,2005,7936285137366644998
560,Analog Circuit Design manager,560,Méghane,1,3,2013,571309310970543320
561,Tax Accountant,561,Lóng,29,9,2003,3894326171752678710
562,Environmental Tech,562,Dà,4,5,2011,6800493250737804153
563,Human Resources Manager,563,Gaétane,4,6,2015,1796229079657244070
564,Help Desk Operator,564,Rachèle,6,9,2010,6108307582076230482
565,Marketing Manager,565,Bérénice,28,8,2021,8093335210348771732
566,Health Coach II,566,Eliès,25,4,2020,8159270577519101151
567,Research Assistant I,567,Gösta,6,10,2012,2642487368225198751
568,Software Engineer I,568,Angèle,18,3,2005,8203784977432939450
569,Internal Auditor,569,Annotée,4,12,2013,1374750868925540984
570,Help Desk Operator,570,Dà,31,5,2019,4825599266210402711
571,Senior Editor,571,Géraldine,9,5,2002,5169349144283593570
572,Quality Engineer,572,Andrée,13,7,2020,937549082935621524
573,Teacher,573,Mén,3,12,2009,7186482947575457990
574,Chief Design Engineer,574,Maéna,1,4,2017,1877189597985845779
575,Developer III,575,Léonie,3,11,2004,7360123233718678312
576,General Manager,576,Almérinda,20,7,2000,916130189459945394
577,Structural Analysis Engineer,577,Miléna,9,8,2004,7071317675977771663
578,Professor,578,Eléonore,27,7,2014,2154520168460199577
579,Marketing Manager,579,Cloé,2,6,2010,7157571686525690863
580,Occupational Therapist,580,Táng,7,9,2000,6396987431029283166
581,Civil Engineer,581,Marie-josée,19,12,2003,3736548131283806406
582,Data Coordiator,582,Örjan,21,9,2001,4611884481194687687
583,Nuclear Power Engineer,583,Märta,3,6,2020,7168657457237246947
584,Human Resources Assistant I,584,Publicité,24,12,2004,1132765162248269294
585,Analog Circuit Design manager,585,Yénora,29,9,2011,724317349965556473
586,Systems Administrator IV,586,Bécassine,27,3,2009,1418818147052399410
587,Database Administrator IV,587,Dà,14,3,2002,4539979541682254329
588,Health Coach II,588,Garçon,9,5,2011,7653614098023832848
589,GIS Technical Architect,589,Maïlys,20,7,2010,1909232314032135126
590,Senior Sales Associate,590,Garçon,16,3,2014,4464755744899284834
591,Biostatistician IV,591,Ophélie,6,8,2005,7703531682849807408
592,Biostatistician II,592,Garçon,12,11,2003,6351956693818859744
593,Nurse Practicioner,593,Angèle,18,8,2008,540524750076457541
594,Staff Accountant I,594,Hélène,19,4,2017,1071387512401210607
595,Operator,595,Gwenaëlle,6,4,2013,343519032961546604
596,Analog Circuit Design manager,596,Inès,5,9,2015,3106625347149887864
597,Cost Accountant,597,Eloïse,13,1,2019,3863748993303460228
598,Assistant Manager,598,Mélinda,5,5,2001,428630437202413220
599,Nurse Practicioner,599,Yè,7,3,2012,6708162459118577232
600,Software Consultant,600,Aí,12,1,2012,2815010143593566476
601,Internal Auditor,601,Marie-hélène,11,12,2015,197647528368889467
602,Administrative Assistant IV,602,Andréanne,14,10,2019,2027770320053170033
603,Software Engineer II,603,Håkan,7,12,2013,7864341404667182514
604,Accounting Assistant III,604,Andréanne,1,4,2008,6939616490492893099
605,Operator,605,Estève,21,11,2004,3135826313429858643
606,Research Nurse,606,Maëlle,28,5,2006,6148986016753416897
607,Accountant IV,607,Marylène,4,8,2000,4980406415761181098
608,Business Systems Development Analyst,608,Mélina,1,4,2015,4152654447619788147
609,GIS Technical Architect,609,Alizée,16,6,2019,4026201914620840174
610,Technical Writer,610,Kévina,30,8,2003,4874862534646172462
611,Sales Representative,611,Pélagie,23,9,2003,4451724625494548100
612,Mechanical Systems Engineer,612,Wá,15,3,2000,2171903419751028541
613,Librarian,613,Alizée,6,1,2018,2831428477619126453
614,Pharmacist,614,Clémence,2,5,2012,973351203553487873
615,Research Nurse,615,Léana,10,8,2004,3970219239001225708
616,Structural Analysis Engineer,616,Léonie,16,3,2001,1259464107382256466
617,Chemical Engineer,617,Athéna,30,3,2019,5710293874647939335
618,Budget/Accounting Analyst II,618,Anaé,29,7,2001,2303977095346247632
619,Senior Cost Accountant,619,Mahélie,11,9,2010,734577238942250456
620,Payment Adjustment Coordinator,620,Tán,9,10,2003,310261044145274345
621,Accountant IV,621,Gérald,5,12,2010,6846510404390052764
622,Nuclear Power Engineer,622,Lyséa,26,6,2000,6736773851299919591
623,Help Desk Operator,623,Sélène,14,1,2017,5714974909186962900
624,Accountant III,624,Célestine,8,12,2014,5716781221870758438
625,Desktop Support Technician,625,Lài,18,6,2005,4304474223724586717
626,Staff Scientist,626,Loïs,21,3,2018,79398777074742008
627,Human Resources Assistant IV,627,Gaïa,7,1,2002,5732092026514794261
628,Web Designer I,628,Edmée,18,6,2021,5604639593212926680
629,Administrative Assistant I,629,Noëlla,17,8,2019,7307770377475847958
630,Administrative Assistant I,630,Björn,27,3,2007,3206632830297820701
631,Data Coordiator,631,Chloé,16,5,2003,3275930902481253646
632,Associate Professor,632,Börje,15,11,2012,769145190391143074
633,Senior Developer,633,Görel,9,11,2018,4720930855270872632
634,Marketing Manager,634,Léane,20,5,2007,3667420309542308551
635,Software Consultant,635,Léana,31,3,2009,7897666463699039177
636,Software Engineer I,636,Åke,6,9,2006,1062468097817426448
637,Systems Administrator III,637,Marie-ève,9,12,2014,6804073347797659698
638,Web Designer IV,638,Josée,22,10,2018,1417925902238615608
639,Safety Technician III,639,Wá,15,3,2015,1487487359952107037
640,Computer Systems Analyst II,640,Eugénie,18,5,2001,3120908504088555443
641,Engineer III,641,Eléonore,26,10,2002,2710689162089870977
642,Design Engineer,642,Réservés,24,10,2017,808033369927283319
643,Speech Pathologist,643,Annotés,15,6,2004,6512565897622582725
644,Mechanical Systems Engineer,644,Clélia,25,11,2011,5592859961834779235
645,VP Marketing,645,Maëlyss,12,8,2011,2369713919022285964
646,Payment Adjustment Coordinator,646,Régine,6,2,2008,6303706125259500213
647,Senior Financial Analyst,647,Anaëlle,25,10,2013,6847253168115755989
648,Biostatistician IV,648,Léone,1,1,2019,3200416957031173241
649,Staff Scientist,649,Edmée,11,10,2008,2670630319422178591
650,Food Chemist,650,Gwenaëlle,4,6,2002,918793211215198348
651,Software Consultant,651,Görel,15,7,2020,2698727316376934182
652,Clinical Specialist,652,Laurélie,21,1,2019,7930714428062352506
653,Information Systems Manager,653,Clémentine,31,6,2004,3559236134230910478
654,Analyst Programmer,654,Ráo,24,6,2015,7194099000789086461
655,Computer Systems Analyst IV,655,Judicaël,6,11,2006,2647431341670326443
656,Professor,656,Torbjörn,28,10,2014,5516194884790757609
657,Data Coordiator,657,Illustrée,18,12,2007,799299640524652772
658,Graphic Designer,658,Laurélie,26,5,2016,5203894885545122950
659,Internal Auditor,659,Simplifiés,3,10,2021,2209469824050285459
660,Payment Adjustment Coordinator,660,Eléonore,27,9,2006,250313163803608789
661,Operator,661,Valérie,31,11,2015,6102744817973212629
662,Research Assistant II,662,Mà,23,11,2003,871295701463401189
663,Account Representative IV,663,Méghane,14,6,2010,6062105133772148647
664,Engineer III,664,Gaétane,2,10,2011,7253243137966956459
665,Environmental Specialist,665,Anaëlle,4,6,2005,7508233596286765395
666,VP Product Management,666,Mélys,16,3,2017,1694111923701991128
667,Tax Accountant,667,Maëlys,24,1,2016,3537647987523926059
668,Analog Circuit Design manager,668,Åke,9,2,2010,3124969942970356065
669,Quality Engineer,669,Loïs,13,5,2004,1369098268553156923
670,Project Manager,670,Publicité,5,4,2007,2797321790259031493
671,Computer Systems Analyst IV,671,Alizée,27,5,2001,433416943298090043
672,Legal Assistant,672,Mahélie,16,8,2014,2104511432294757082
673,Software Consultant,673,Loïc,29,5,2013,8068126911811351843
674,VP Accounting,674,Méghane,28,1,2021,3290314159863329862
675,Physical Therapy Assistant,675,Marlène,20,6,2011,1703482791985254184
676,Help Desk Technician,676,Clémence,1,1,2002,1504537188563689690
677,Information Systems Manager,677,Clémence,16,12,2015,4965957932820127572
678,Graphic Designer,678,Mélia,24,3,2010,2277461558493433631
679,Senior Cost Accountant,679,Åslög,10,10,2014,5447369173911942491
680,Project Manager,680,Maëlle,2,2,2003,6488481488101526079
681,Recruiting Manager,681,Personnalisée,17,8,2018,6124211670809545726
682,Tax Accountant,682,Noëlla,6,9,2010,333227372123176014
683,Structural Analysis Engineer,683,Rachèle,6,6,2003,85249149866305544
684,GIS Technical Architect,684,Séréna,17,12,2006,7519984880858389485
685,General Manager,685,Björn,6,5,2018,3883449038527939832
686,Analog Circuit Design manager,686,Cécilia,18,7,2011,7017914538007898564
687,Teacher,687,Lèi,24,8,2012,5168746360650258790
688,Assistant Media Planner,688,Mélia,27,1,2001,1347896673953552611
689,Biostatistician I,689,Garçon,30,9,2012,4167401294832400108
690,Junior Executive,690,Jú,6,7,2020,5890645144272806818
691,Administrative Assistant III,691,Océane,6,10,2004,913678696564803854
692,Account Coordinator,692,Táng,10,2,2013,5606567937392706569
693,General Manager,693,Börje,20,11,2010,1465464217234856789
694,Software Test Engineer III,694,Marie-hélène,15,3,2011,969350018712725607
695,Marketing Assistant,695,Crééz,25,11,2012,6284258099214287559
696,Quality Control Specialist,696,Dà,5,10,2009,2536026945147699913
697,Structural Engineer,697,Åsa,2,2,2011,1903068144380063046
698,Desktop Support Technician,698,Lorène,10,1,2021,1430772813077276355
699,Cost Accountant,699,Marie-ève,7,5,2006,4922563568491830215
700,Project Manager,700,Mélodie,25,3,2012,1163817986551357959
701,VP Sales,701,Clémentine,2,10,2011,1579411679101683135
702,Clinical Specialist,702,Clémentine,27,2,2008,7925544830983049517
703,Research Assistant I,703,Marie-ève,28,2,2019,794938557857243958
704,Information Systems Manager,704,Thérèsa,19,10,2021,614618959620875713
705,Marketing Manager,705,Maïly,16,8,2004,6521465686177802766
706,Accounting Assistant I,706,Vénus,28,6,2007,1410994702670954746
707,GIS Technical Architect,707,Andréanne,20,5,2021,3325869748809426234
708,Project Manager,708,Erwéi,12,3,2018,1590004013234459075
709,Geologist IV,709,Mélia,8,11,2009,3995968720779439982
710,Research Assistant II,710,Maëlys,27,7,2009,1209894463596894140
711,Compensation Analyst,711,Françoise,12,3,2003,4972937586773961471
712,Biostatistician I,712,Dù,26,11,2014,6786581484527365568
713,Junior Executive,713,Irène,21,9,2015,4291778734708710534
714,Safety Technician III,714,Yáo,24,11,2003,5244548924333299321
715,Nuclear Power Engineer,715,Maïly,7,8,2015,3525618015965004837
716,Web Developer II,716,Personnalisée,14,1,2015,7485216965891439751
717,Structural Analysis Engineer,717,Måns,29,10,2010,1075640441392346976
718,Nurse,718,Léone,11,11,2013,1773724443052192922
719,Software Consultant,719,Kévina,17,8,2017,792152899878241630
720,Business Systems Development Analyst,720,Gisèle,9,9,2021,6343020780251185208
721,Speech Pathologist,721,Naëlle,27,11,2000,5672454481803046776
722,Tax Accountant,722,Gaïa,14,8,2002,3305708581299778436
723,Dental Hygienist,723,Crééz,21,12,2001,4313273883375880179
724,Teacher,724,Céline,15,3,2021,7820104048290515069
725,VP Product Management,725,Bénédicte,12,2,2019,3824957923404714338
726,Graphic Designer,726,Chloé,26,12,2014,7507495233686763613
727,Office Assistant I,727,Célia,24,3,2017,7619566013780096949
728,Human Resources Assistant IV,728,Kù,8,3,2007,6272612268386145716
729,Project Manager,729,Régine,18,5,2005,1919428126009274324
730,Product Engineer,730,Léana,13,9,2010,3622158437054710860
731,Research Associate,731,Eléa,18,6,2021,6257172197024354502
732,Software Consultant,732,Lóng,7,10,2004,2737887491815504504
733,Help Desk Operator,733,Pénélope,14,4,2017,7957793203352799981
734,Nurse,734,Björn,23,7,2013,774848895313803625
735,Chemical Engineer,735,Måns,21,11,2016,136574325863977707
736,Biostatistician I,736,Angélique,13,3,2012,7753357865330230464
737,Sales Associate,737,Dà,10,10,2002,6300874012808799415
738,Database Administrator II,738,Eugénie,21,5,2020,5451389117253467742
739,Sales Representative,739,Danièle,19,8,2011,5857026267559553109
740,Assistant Professor,740,Maéna,25,11,2019,6167963587698111888
741,Actuary,741,Yè,5,5,2003,4120044399943552808
742,Developer II,742,Mårten,26,3,2014,39799209548926099
743,Internal Auditor,743,Méghane,13,6,2012,4842949902181410712
744,Help Desk Operator,744,Fèi,9,11,2005,7162740182405786887
745,Analyst Programmer,745,Cécilia,14,4,2000,4878576160378306
746,Database Administrator IV,746,Cécile,30,2,2020,6631106001471987240
747,Budget/Accounting Analyst IV,747,Estée,25,11,2001,4343566816957008765
748,Paralegal,748,Liè,8,4,2006,179601886450393865
749,Office Assistant I,749,Yè,30,12,2011,4858800092869748324
750,Data Coordiator,750,Félicie,23,8,2019,4506426944842567299
751,Staff Scientist,751,Marie-hélène,7,3,2016,5694988096414279448
752,Structural Engineer,752,Yè,22,6,2020,4145651734850874187
753,Internal Auditor,753,Françoise,5,10,2006,2309469673836310826
754,Clinical Specialist,754,Publicité,13,5,2013,3561577026577460005
755,Professor,755,Anaïs,16,4,2014,2902319612192372617
756,Geological Engineer,756,Östen,28,5,2003,7585250230466133052
757,Budget/Accounting Analyst IV,757,Mélissandre,29,10,2012,2888018181250883867
758,Social Worker,758,Torbjörn,8,3,2006,3285216997812045722
759,Editor,759,Angélique,12,12,2003,209032103038647018
760,Assistant Professor,760,Laïla,22,1,2013,8087127469077514459
761,Compensation Analyst,761,Félicie,10,2,2013,2270906548285609731
762,Sales Associate,762,Océane,26,9,2020,597197607425290739
763,Research Associate,763,Agnès,29,7,2007,4047035299234591481
764,Editor,764,Åke,11,10,2018,1846024276589467240
765,Software Engineer III,765,Eléa,4,6,2013,3298423617327178202
766,Sales Associate,766,Anaëlle,23,2,2005,4387274451808331525
767,Human Resources Assistant II,767,Örjan,8,11,2019,352709421240259937
768,Sales Associate,768,Gisèle,25,10,2000,6856239899872209639
769,Senior Cost Accountant,769,Gérald,8,9,2000,8143683257774530123
770,Design Engineer,770,Médiamass,12,4,2017,7123120864616526336
771,Accountant II,771,Adèle,6,2,2007,4440854471032444386
772,Automation Specialist IV,772,Nadège,20,4,2019,7550108105716400160
773,Recruiting Manager,773,Maëlle,22,1,2005,2429966977362407331
774,Information Systems Manager,774,Cécile,31,11,2005,6909315831579722064
775,VP Product Management,775,Maëlle,19,11,2018,7718489283316757498
776,Recruiter,776,Görel,22,11,2004,6520317276237822350
777,Staff Scientist,777,Åke,27,1,2021,995258912857775333
778,Web Developer I,778,Maëly,24,4,2017,6324093829215005616
779,Developer I,779,Estée,28,4,2017,7592169631973929433
780,Automation Specialist II,780,Pò,15,7,2005,193467573665707114
781,Technical Writer,781,Dafnée,14,9,2001,7385331112305858996
782,Teacher,782,Uò,7,3,2018,5457123359686914671
783,Environmental Tech,783,Léonie,3,3,2020,5481308539345525401
784,Software Engineer III,784,Léana,29,3,2012,6187113738927104306
785,Administrative Assistant III,785,Anaëlle,17,6,2021,4538131855237076493
786,Compensation Analyst,786,Félicie,26,1,2012,7064785573359145034
787,Systems Administrator III,787,Estève,3,11,2014,7526342551928556014
788,Database Administrator II,788,Personnalisée,4,3,2016,4136927144272015366
789,Media Manager I,789,Océanne,23,11,2021,2468380432332442738
790,Analyst Programmer,790,Intéressant,27,4,2015,8182599510865503877
791,Executive Secretary,791,Méthode,23,1,2008,4873161308533429173
792,Senior Cost Accountant,792,Erwéi,28,3,2020,2248697764116426113
793,Desktop Support Technician,793,Andréa,6,1,2002,4782453468406563833
794,Accounting Assistant IV,794,Geneviève,23,11,2007,5334967850648965389
795,Senior Developer,795,Vérane,8,4,2004,2404837887002564972
796,Help Desk Technician,796,Maïwenn,29,3,2002,3113676011247727181
797,Social Worker,797,Bénédicte,25,8,2020,5507176348943298000
798,Structural Analysis Engineer,798,Cloé,9,10,2002,2371780155874691705
799,Legal Assistant,799,Léa,13,6,2005,7477327913507062218
800,Pharmacist,800,Yáo,2,10,2008,39854306717496565
801,Senior Editor,801,Mélodie,29,1,2006,1543934915494969723
802,Account Representative IV,802,Örjan,10,11,2013,4913224033742143455
803,Payment Adjustment Coordinator,803,Océane,18,6,2020,1685319734401332927
804,Staff Accountant IV,804,Véronique,10,9,2011,4967339397819142794
805,Structural Engineer,805,Marie-thérèse,1,9,2003,7498196933992552052
806,VP Accounting,806,Régine,7,2,2007,5686974685853688234
807,Environmental Specialist,807,Mélinda,28,12,2000,4221378113728274680
808,Senior Financial Analyst,808,Stéphanie,24,8,2015,798853733207290576
809,Technical Writer,809,Björn,9,4,2009,4832651464460637769
810,Nurse Practicioner,810,Bérénice,1,10,2011,2150148194052598928
811,Account Representative III,811,Céline,30,5,2001,680574340545538833
812,Director of Sales,812,Méline,14,6,2008,5251467691501440145
813,Financial Analyst,813,Sòng,2,5,2013,1240705426572057831
814,Desktop Support Technician,814,Pål,29,8,2008,3567884793717487292
815,Environmental Specialist,815,Zoé,21,1,2018,3198653932348760582
816,Staff Accountant III,816,Lóng,16,12,2018,6727125090550338523
817,Executive Secretary,817,Léonie,12,8,2005,6863375376729980642
818,Senior Editor,818,Dafnée,23,6,2019,4111798511041510283
819,VP Accounting,819,Eloïse,4,10,2001,4192901267853650535
820,VP Marketing,820,Gösta,18,11,2001,5870063730279934131
821,Account Representative II,821,Félicie,15,9,2019,6976701987153447102
822,Community Outreach Specialist,822,Åke,1,11,2005,7776607865981330524
823,Administrative Assistant IV,823,Esbjörn,2,12,2006,1016720867545475074
824,Editor,824,Kévina,30,8,2019,4549232626911518717
825,Nurse Practicioner,825,Personnalisée,10,6,2016,4136254380808169391
826,Graphic Designer,826,Anaëlle,4,1,2011,8148632711988818185
827,Desktop Support Technician,827,Camélia,20,11,2020,4749844522835950847
828,Electrical Engineer,828,Örjan,7,10,2019,2107563102745915115
829,Graphic Designer,829,Eloïse,31,6,2014,3004506893327691094
830,Human Resources Assistant I,830,Cléa,15,9,2004,8103341648016684121
831,Research Nurse,831,Béatrice,29,7,2011,3457943311984560044
832,Senior Cost Accountant,832,Marie-josée,3,10,2012,3152647251848942276
833,Mechanical Systems Engineer,833,Solène,15,3,2005,4242498389446349571
834,Accounting Assistant I,834,Maïwenn,3,11,2002,4209216702049752676
835,Help Desk Technician,835,Mén,6,12,2010,7430216482535837327
836,Teacher,836,Tú,23,7,2001,5553005259556041890
837,Staff Accountant II,837,Adèle,9,12,2007,1080136352011888135
838,Information Systems Manager,838,Kallisté,15,3,2005,5845519724684895735
839,Account Coordinator,839,Alizée,13,3,2020,6591197752328973540
840,Librarian,840,Andréa,1,9,2009,8022975298307085679
841,Teacher,841,Sélène,12,10,2010,8065870010055998723
842,Dental Hygienist,842,Andréa,14,4,2006,6053711246779037973
843,Desktop Support Technician,843,Lauréna,23,2,2020,3526262049490154653
844,Account Executive,844,Märta,10,12,2007,2397239517136130370
845,Dental Hygienist,845,Gaëlle,8,8,2007,4753241046741624199
846,Senior Financial Analyst,846,Lauréna,10,4,2012,7145942027556719235
847,Research Associate,847,Personnalisée,18,7,2000,7279491350153876207
848,Health Coach IV,848,Stévina,16,10,2000,365049472990972549
849,Payment Adjustment Coordinator,849,Håkan,12,3,2017,3497437248461762245
850,Internal Auditor,850,Kù,13,11,2007,8194976274938840545
851,Editor,851,Géraldine,13,1,2003,5246183883886563748
852,Database Administrator IV,852,Naéva,15,3,2001,6023462396597089066
853,Analog Circuit Design manager,853,Réservés,16,6,2002,2185175811033113546
854,Research Nurse,854,Naéva,18,5,2018,3407541459402876045
855,Nuclear Power Engineer,855,Yú,17,3,2002,4246758103200916233
856,VP Marketing,856,Célia,15,10,2014,7637466717716050773
857,Nurse,857,Mà,21,7,2018,7430817831170257801
858,Engineer III,858,Valérie,17,9,2017,837602716576075399
859,Account Representative I,859,Östen,5,12,2004,8078259175884872117
860,Librarian,860,Estée,8,6,2016,822730162429888106
861,Design Engineer,861,Ráo,24,9,2009,4296280382357829160
862,Senior Quality Engineer,862,Félicie,17,5,2013,2157790879759496532
863,Mechanical Systems Engineer,863,Adélie,18,11,2000,3603725066884406921
864,Accounting Assistant IV,864,Renée,20,3,2018,6087942693635265059
865,VP Marketing,865,Yáo,1,1,2000,3787977226557538569
866,Media Manager III,866,Stévina,9,7,2014,3819438151576251678
867,Data Coordiator,867,Åslög,3,10,2010,2507643988856714927
868,Biostatistician III,868,Vérane,21,6,2000,4384239157188768469
869,Food Chemist,869,Rébecca,14,3,2009,6000261339425021054
870,Actuary,870,Kuí,24,5,2003,3386048069725992031
871,Developer III,871,Maéna,10,9,2018,5025247720665187272
872,Senior Developer,872,Noëlla,18,5,2006,6902012197401034978
873,Biostatistician I,873,Andréa,16,4,2018,1725732972677596298
874,Registered Nurse,874,Pò,15,5,2017,2903815998028894559
875,Environmental Specialist,875,Géraldine,31,2,2012,1994452824277684039
876,Cost Accountant,876,Simplifiés,26,6,2000,2218412290392103542
877,Senior Financial Analyst,877,Mylène,14,4,2000,1229306870934977455
878,Speech Pathologist,878,Lauréna,6,10,2000,2795983052379441177
879,Analyst Programmer,879,Léane,16,3,2003,3559879493001436533
880,Registered Nurse,880,Wá,20,12,2017,5030575504955883741
881,Sales Representative,881,Wá,14,8,2013,5284483669476081230
882,Nuclear Power Engineer,882,Mårten,21,1,2011,3893090147731936744
883,Accounting Assistant II,883,Faîtes,28,8,2020,6908152769094539658
884,Software Test Engineer IV,884,Maï,2,4,2008,836208486332572552
885,Staff Accountant I,885,Göran,25,2,2003,3008905291022358696
886,Budget/Accounting Analyst IV,886,Maï,11,9,2002,7725917056202057593
887,Editor,887,Marylène,18,4,2002,5188456242858632386
888,Research Associate,888,Joséphine,7,4,2006,3247578897356604739
889,Recruiter,889,Angèle,24,7,2014,1759259380459364665
890,Budget/Accounting Analyst II,890,Valérie,6,3,2006,1146164800921844555
891,Paralegal,891,Cinéma,26,12,2004,5506213422553333945
892,Senior Sales Associate,892,Cécile,16,6,2008,5862321475463174254
893,Nurse Practicioner,893,Loïc,3,12,2010,5832352095765725083
894,Food Chemist,894,Aimée,2,3,2013,3522587150183186716
895,Librarian,895,Léa,7,7,2001,4366068720966117945
896,Accounting Assistant I,896,Léane,16,2,2014,3305805912469860413
897,Administrative Officer,897,Lèi,16,11,2014,297469971735702890
898,Software Engineer I,898,Mahélie,23,1,2000,7384458144785731812
899,Human Resources Manager,899,Lorène,1,12,2006,1356001610105051040
900,Media Manager II,900,Marie-françoise,19,1,2020,8178888689716510967
901,Sales Representative,901,Réservés,19,9,2007,7029876861519521870
902,Computer Systems Analyst II,902,Néhémie,19,11,2002,5861478824425542665
903,Health Coach IV,903,Rébecca,16,10,2009,4039303696159325938
904,Physical Therapy Assistant,904,Rébecca,14,10,2018,689114921741132131
905,VP Marketing,905,Naéva,2,12,2007,7917073771751683394
906,Internal Auditor,906,Célia,19,4,2007,2219338484768539172
907,Database Administrator IV,907,Märta,24,3,2003,98542578613696017
908,Administrative Officer,908,Pénélope,15,4,2006,5249864419651276940
909,Assistant Media Planner,909,Clémence,17,3,2010,7681131404064043272
910,Engineer III,910,Andrée,14,12,2007,856849690329563858
911,GIS Technical Architect,911,Östen,30,9,2021,3335451151569894285
912,Civil Engineer,912,Mélodie,1,12,2010,8127424797047109616
913,Analyst Programmer,913,Tán,20,4,2015,1347410474970729167
914,Associate Professor,914,Mélodie,21,6,2000,40303764851994904
915,Sales Associate,915,Zoé,8,5,2012,4646953963211090080
916,Marketing Assistant,916,Sòng,22,4,2001,668662601627771155
917,Chief Design Engineer,917,Pénélope,14,9,2001,2987779513976781861
918,Product Engineer,918,Maëline,13,6,2015,6722867917370362451
919,Computer Systems Analyst I,919,Eléa,19,3,2017,1586739001964425718
920,Administrative Assistant III,920,Thérèsa,24,9,2017,1649650317361378085
921,Environmental Tech,921,Crééz,10,3,2011,4934416858376738947
922,GIS Technical Architect,922,Clélia,11,8,2016,1747156242693750273
923,Dental Hygienist,923,Véronique,10,7,2012,3963466403048918305
924,Product Engineer,924,Maïly,1,12,2010,4416874364860317355
925,Junior Executive,925,Mélodie,29,6,2021,6019174967442670418
926,Chief Design Engineer,926,Mårten,19,8,2008,2694237829558169812
927,Occupational Therapist,927,Eloïse,12,11,2008,3773754674607944459
928,Librarian,928,Réservés,14,10,2017,5509430877349024513
929,Social Worker,929,Marlène,21,2,2019,333834647839683660
930,VP Product Management,930,Eloïse,6,12,2014,2193818067300571834
931,Software Consultant,931,Håkan,12,9,2016,4887817474578005694
932,Chief Design Engineer,932,Félicie,21,7,2013,406309222899866233
933,General Manager,933,Andréanne,28,11,2019,4733408722961645518
934,Sales Associate,934,Océanne,24,3,2015,3545167296603597124
935,Software Consultant,935,Thérèse,13,8,2004,1498757472082457751
936,Junior Executive,936,Régine,29,10,2000,3466845845407327347
937,Geological Engineer,937,Erwéi,5,6,2016,4015329155782433730
938,Office Assistant IV,938,Amélie,25,12,2017,7174332414182120405
939,Sales Representative,939,Anaëlle,17,9,2017,3421883159872300145
940,Administrative Assistant I,940,Noëlla,17,10,2002,4262844094809783317
941,Automation Specialist I,941,Léonie,7,7,2006,4179407524722596000
942,Clinical Specialist,942,Kallisté,25,11,2002,1872932646634064298
943,Accounting Assistant II,943,Vérane,26,5,2010,4999205896124175623
944,Administrative Officer,944,Stéphanie,19,10,2019,3050798483394970063
945,Geological Engineer,945,Maïlis,15,1,2004,5908157993456214489
946,Internal Auditor,946,Angèle,17,4,2009,800646906198522192
947,Nurse,947,Yè,23,3,2009,830594060552047090
948,Tax Accountant,948,Mà,25,12,2000,2247466558623767360
949,Office Assistant I,949,Camélia,14,6,2000,6391946351908289103
950,Programmer II,950,Yénora,23,2,2014,2104064091968864095
951,VP Accounting,951,Cléa,18,11,2021,5008571325123165959
952,Design Engineer,952,Cléopatre,20,4,2021,4090272351499654346
953,Engineer I,953,Mélodie,4,11,2001,4238150583931226276
954,Payment Adjustment Coordinator,954,Marlène,30,1,2009,4925619311162609414
955,Registered Nurse,955,Marlène,9,2,2013,6002263782352396924
956,Clinical Specialist,956,Bénédicte,30,3,2008,1824459538147028184
957,VP Accounting,957,Océanne,8,7,2019,4994504666314247342
958,Research Nurse,958,Pélagie,31,8,2015,4559784845922129082
959,General Manager,959,Måns,7,5,2018,3968781939396867959
960,Paralegal,960,Audréanne,20,2,2015,6852453217497351884
961,Clinical Specialist,961,Andrée,28,3,2002,1997167721705812829
962,Human Resources Manager,962,Chloé,25,5,2009,3311834470271137514
963,Administrative Assistant IV,963,Laurélie,22,3,2014,4302735047879384515
964,Geological Engineer,964,Åslög,2,6,2016,2982332105856873736
965,Graphic Designer,965,Bérangère,7,12,2006,8134702677755290048
966,Recruiter,966,Mylène,14,9,2017,7894812573805965375
967,Senior Financial Analyst,967,Solène,10,2,2010,2765560438329077626
968,Biostatistician II,968,Fèi,1,10,2001,1524827966919262978
969,Structural Engineer,969,Thérèse,12,7,2020,1345234734420207052
970,Operator,970,Yè,26,9,2018,7533661641807020115
971,Human Resources Assistant I,971,Mylène,19,1,2002,7646722122722312702
972,Accountant IV,972,Björn,7,1,2016,2265147317445720176
973,Civil Engineer,973,Edmée,11,7,2000,4717278834586468821
974,Senior Editor,974,Amélie,12,3,2020,948725495517325184
975,Systems Administrator II,975,Publicité,25,1,2001,6754175076240240176
976,Sales Representative,976,Maëlle,24,11,2001,4065792436432362129
977,Operator,977,Lóng,10,5,2021,327449686283148808
978,Health Coach IV,978,Mélodie,17,5,2002,3436370160645158479
979,Statistician I,979,Gaëlle,19,1,2015,2448463710952778959
980,Pharmacist,980,Chloé,4,4,2002,8083935963798355123
981,Biostatistician III,981,Cloé,20,10,2017,5309339379838499116
982,Sales Representative,982,Torbjörn,8,11,2017,1461448457025946262
983,Budget/Accounting Analyst IV,983,Dafnée,9,10,2021,4633685036076593433
984,VP Sales,984,Anaé,1,2,2009,4907274661962555081
985,Programmer III,985,Björn,16,12,2006,3264234978414249710
986,Community Outreach Specialist,986,Amélie,25,2,2010,1527998162715298856
987,VP Product Management,987,Örjan,21,8,2016,5534311934253725349
988,Biostatistician III,988,Vérane,23,10,2005,1833443427156782681
989,Software Engineer I,989,Laurélie,9,8,2019,4139707138597979077
990,Software Engineer IV,990,Kallisté,30,8,2001,5934327758611873796
991,Operator,991,Nélie,22,11,2017,2320368964788242160
992,Mechanical Systems Engineer,992,Uò,5,11,2013,5503472924700437085
993,Legal Assistant,993,Léone,22,9,2020,1422847603021909635
994,Analyst Programmer,994,Pélagie,27,7,2014,2828747665869037299
995,Structural Engineer,995,Bérangère,12,8,2016,5581464068647337591
996,Speech Pathologist,996,Mélanie,30,5,2013,3342622591341847502
997,Help Desk Technician,997,Aí,6,11,2019,616286026272430515
998,General Manager,998,Bérangère,13,5,2003,7643067159721727978
999,Assistant Manager,999,Joséphine,1,10,2001,2604299919207147601
1000,Marketing Manager,1000,Andréa,27,9,2021,1031935582318183404
